relative_path,absolute_source_path,file_name,extension,size_bytes,modified_time,sha256,category,suspected_duplicate_of,upload_candidate,readable,notes
.DS_Store,E:\大学\竞赛\软件杯\知识库文档\.DS_Store,.DS_Store,.DS_Store,8196,2026-06-04T00:22:09.088842+00:00,6ca4ed3467966e6ae63b6d262383bfcb2529146e3f2dea0ecd20d0c58df0d4c9,OS_METADATA,,False,True,operating-system metadata; never upload
SUN2000-196KTL-H0++用户手册.md,E:\大学\竞赛\软件杯\知识库文档\SUN2000-196KTL-H0++用户手册.md,SUN2000-196KTL-H0++用户手册.md,.md,194174,2026-07-06T07:48:43.505612+00:00,b78212a0cb40691445aa50dec0d5da5497b02612f4605e855376dc21feea3605,HUAWEI_DOCUMENT,,True,True,
"华为 Huawei _ SUN2000/SUN2000-(15KTL, 17KTL, 20KTL)-M0 用户手册（中国版）.pdf","E:\大学\竞赛\软件杯\知识库文档\华为 Huawei _ SUN2000\SUN2000-(15KTL, 17KTL, 20KTL)-M0 用户手册（中国版）.pdf","SUN2000-(15KTL, 17KTL, 20KTL)-M0 用户手册（中国版）.pdf",.pdf,3596647,2026-06-04T00:11:19.689660+00:00,8390549740e471ea04865fcdce5d254895e6383fbe72f0fd9a262481d6b6a9ba,HUAWEI_DOCUMENT,,True,True,
"华为 Huawei _ SUN2000/SUN2000-(20KTL-M3, 33KTL-NH, 40KTL-NH) 快速指南-(Amphenol).pdf","E:\大学\竞赛\软件杯\知识库文档\华为 Huawei _ SUN2000\SUN2000-(20KTL-M3, 33KTL-NH, 40KTL-NH) 快速指南-(Amphenol).pdf","SUN2000-(20KTL-M3, 33KTL-NH, 40KTL-NH) 快速指南-(Amphenol).pdf",.pdf,3769555,2025-08-19T08:18:24+00:00,a040246b594e75624246e9d6d98ea1d4cfbb20ae7794932260e8e1ff5397c524,HUAWEI_DOCUMENT,,True,True,
"华为 Huawei _ SUN2000/SUN2000-(20KTL-M3, 33KTL-NH, 40KTL-NH) 用户手册.pdf","E:\大学\竞赛\软件杯\知识库文档\华为 Huawei _ SUN2000\SUN2000-(20KTL-M3, 33KTL-NH, 40KTL-NH) 用户手册.pdf","SUN2000-(20KTL-M3, 33KTL-NH, 40KTL-NH) 用户手册.pdf",.pdf,5829351,2026-06-04T00:09:58.930526+00:00,65516280d5c1012b52a74f9b9a4ece2528587ccf5f0c86097000fa302bdabe3c,HUAWEI_DOCUMENT,,True,True,
华为 Huawei _ SUN2000/SUN2000-(5KTL-12KTL)-M0 用户手册（中国版）.pdf,E:\大学\竞赛\软件杯\知识库文档\华为 Huawei _ SUN2000\SUN2000-(5KTL-12KTL)-M0 用户手册（中国版）.pdf,SUN2000-(5KTL-12KTL)-M0 用户手册（中国版）.pdf,.pdf,4191092,2026-06-04T00:11:55.452067+00:00,54781c9c2be8b510f76d9843325d9d1d72f557d45ae97664496e2dc2750eb24a,HUAWEI_DOCUMENT,,True,True,
华为 Huawei _ SUN2000/SUN2000-(5KTL-12KTL)-M1 用户手册.pdf,E:\大学\竞赛\软件杯\知识库文档\华为 Huawei _ SUN2000\SUN2000-(5KTL-12KTL)-M1 用户手册.pdf,SUN2000-(5KTL-12KTL)-M1 用户手册.pdf,.pdf,5719757,2026-06-04T00:12:40.558467+00:00,80c34d353f087f594aed24b6142fbf3a1b72190a0e1740ba8e1d0f48d7b51cbe,HUAWEI_DOCUMENT,,True,True,
华为 Huawei _ SUN2000/SUN2000-(8KTL-20KTL)-M2 用户手册.pdf,E:\大学\竞赛\软件杯\知识库文档\华为 Huawei _ SUN2000\SUN2000-(8KTL-20KTL)-M2 用户手册.pdf,SUN2000-(8KTL-20KTL)-M2 用户手册.pdf,.pdf,4885642,2026-06-04T00:08:17.657204+00:00,8f0a0f69e406e4a0c4fac775369bff1295e79c582d45e28838440f1f6161a26a,HUAWEI_DOCUMENT,,True,True,
华为 Huawei _ SUN2000/华为智能光伏App，SUN2000 App 设备调测指南.pdf,E:\大学\竞赛\软件杯\知识库文档\华为 Huawei _ SUN2000\华为智能光伏App，SUN2000 App 设备调测指南.pdf,华为智能光伏App，SUN2000 App 设备调测指南.pdf,.pdf,23878152,2026-06-04T00:14:58.056900+00:00,72dbdffa350923fef1195a4739c1019ac1ff226aef206f2c10aafe59acadd91c,HUAWEI_DOCUMENT,,True,True,
华为 Huawei _ SUN2000/智能光伏解决方案设备替换 调测指南.pdf,E:\大学\竞赛\软件杯\知识库文档\华为 Huawei _ SUN2000\智能光伏解决方案设备替换 调测指南.pdf,智能光伏解决方案设备替换 调测指南.pdf,.pdf,2317063,2026-06-04T00:15:42.261628+00:00,95a079fc562a0f5c98b8151fcdedc1b8fde62b18282fb2605d9bec91618453f2,HUAWEI_DOCUMENT,,True,True,
华为 Huawei _ SUN2000/逆变器 告警参考.pdf,E:\大学\竞赛\软件杯\知识库文档\华为 Huawei _ SUN2000\逆变器 告警参考.pdf,逆变器 告警参考.pdf,.pdf,622368,2026-06-04T00:15:55.302229+00:00,c12f37ea55444b145d8c329530d4e00cd702f7cf3deef75f954dd6f1feae7013,HUAWEI_DOCUMENT,,True,True,
华为逆变器SUN2000-196KTL-H0++用户手册(1).pdf,E:\大学\竞赛\软件杯\知识库文档\华为逆变器SUN2000-196KTL-H0++用户手册(1).pdf,华为逆变器SUN2000-196KTL-H0++用户手册(1).pdf,.pdf,6173224,2026-07-06T07:48:43.169804+00:00,5953d2093859f1e60f9e31776bd6dad623122fdf49a5866284a86af223ca6b5e,HUAWEI_DOCUMENT,,True,True,
报错01.jpg,E:\大学\竞赛\软件杯\知识库文档\报错01.jpg,报错01.jpg,.jpg,50578,2026-07-16T15:31:05.494987+00:00,b53eaf6b6b24bee90955bea0a78cc1ab43a61b450196ca261ae5b378dc1d0c88,FAULT_IMAGE,,False,True,"route through Media/Multimodal Case, not knowledge_documents"
报错02.jpg,E:\大学\竞赛\软件杯\知识库文档\报错02.jpg,报错02.jpg,.jpg,25070,2026-07-16T15:34:00.797496+00:00,81866ff465368f376bbbf69759693096b37a080e320bc370585a51359f158572,FAULT_IMAGE,,False,True,"route through Media/Multimodal Case, not knowledge_documents"
逆变器检修图片/page-001-image-001-I1.png,E:\大学\竞赛\软件杯\知识库文档\逆变器检修图片\page-001-image-001-I1.png,page-001-image-001-I1.png,.png,80651,2026-07-05T12:11:53+00:00,c4ee0ebf0e7e596284c60778150410b50da0cec91ea26818d5fa12c48b78ec38,FAULT_IMAGE,,False,True,"route through Media/Multimodal Case, not knowledge_documents"
逆变器检修图片/page-003-image-001-I1.png,E:\大学\竞赛\软件杯\知识库文档\逆变器检修图片\page-003-image-001-I1.png,page-003-image-001-I1.png,.png,2307,2026-07-05T12:11:53+00:00,63b91aac0fc0da91efd1d520bf192f2ddefa4f4a73d02a89c48e0abba7e0c52e,FAULT_IMAGE,,False,True,"route through Media/Multimodal Case, not knowledge_documents"
逆变器检修图片/page-003-image-002-I2.png,E:\大学\竞赛\软件杯\知识库文档\逆变器检修图片\page-003-image-002-I2.png,page-003-image-002-I2.png,.png,2266,2026-07-05T12:11:53+00:00,a63912f8c2b6f299b21f3b63eab07ffcc0b6884c4a47275cb4bdf9aaad358936,FAULT_IMAGE,,False,True,"route through Media/Multimodal Case, not knowledge_documents"
逆变器检修图片/page-003-image-003-I3.png,E:\大学\竞赛\软件杯\知识库文档\逆变器检修图片\page-003-image-003-I3.png,page-003-image-003-I3.png,.png,2298,2026-07-05T12:11:53+00:00,db3c8636c1d2cfe4578d56b5864c63125f4af828f991fcae1204dfb04d663083,FAULT_IMAGE,,False,True,"route through Media/Multimodal Case, not knowledge_documents"
逆变器检修图片/page-003-image-004-I4.png,E:\大学\竞赛\软件杯\知识库文档\逆变器检修图片\page-003-image-004-I4.png,page-003-image-004-I4.png,.png,1552,2026-07-05T12:11:53+00:00,70d970c13d9fefc5b4136251af2d975da964e293b2de2b6a33ef8ae1bc93665e,FAULT_IMAGE,,False,True,"route through Media/Multimodal Case, not knowledge_documents"
逆变器检修图片/page-003-image-005-I5.png,E:\大学\竞赛\软件杯\知识库文档\逆变器检修图片\page-003-image-005-I5.png,page-003-image-005-I5.png,.png,1137,2026-07-05T12:11:53+00:00,42badbb19892ef4cd38abf984506dbbfe38642027cc7127e4ffdf9b7e97fb200,FAULT_IMAGE,,False,True,"route through Media/Multimodal Case, not knowledge_documents"
逆变器检修图片/page-012-image-001-I1.png,E:\大学\竞赛\软件杯\知识库文档\逆变器检修图片\page-012-image-001-I1.png,page-012-image-001-I1.png,.png,16816,2026-07-05T12:11:53+00:00,078dbff2efd147b6e6fef18229d950d87ebed9c472c21ef1db40b9a450eb8dd5,FAULT_IMAGE,,False,True,"route through Media/Multimodal Case, not knowledge_documents"
逆变器检修图片/page-013-image-001-I1.png,E:\大学\竞赛\软件杯\知识库文档\逆变器检修图片\page-013-image-001-I1.png,page-013-image-001-I1.png,.png,34874,2026-07-05T12:11:54+00:00,ffd50caa37c2d146e010d18916e590a1231b5709beb513272a69ed0d196e0642,FAULT_IMAGE,,False,True,"route through Media/Multimodal Case, not knowledge_documents"
逆变器检修图片/page-014-image-001-I1.png,E:\大学\竞赛\软件杯\知识库文档\逆变器检修图片\page-014-image-001-I1.png,page-014-image-001-I1.png,.png,4379,2026-07-05T12:11:54+00:00,5651a3ce20ae4ba9aee38a04a23b033d325f3a46da1d91ba34a5baf25fca02fc,FAULT_IMAGE,,False,True,"route through Media/Multimodal Case, not knowledge_documents"
逆变器检修图片/page-015-image-001-I1.png,E:\大学\竞赛\软件杯\知识库文档\逆变器检修图片\page-015-image-001-I1.png,page-015-image-001-I1.png,.png,13849,2026-07-05T12:11:54+00:00,25abce087b23316ef1f27c6169a9c23d7bc23cf285bf9b2ea3ec18a17a3c8e61,FAULT_IMAGE,,False,True,"route through Media/Multimodal Case, not knowledge_documents"
逆变器检修图片/page-015-image-002-I2.png,E:\大学\竞赛\软件杯\知识库文档\逆变器检修图片\page-015-image-002-I2.png,page-015-image-002-I2.png,.png,11082,2026-07-05T12:11:54+00:00,07cc9c02172c1544867d32efaf4d72b5c95885461a007d9f647bec18610d4e33,FAULT_IMAGE,,False,True,"route through Media/Multimodal Case, not knowledge_documents"
逆变器检修图片/page-016-image-001-I1.png,E:\大学\竞赛\软件杯\知识库文档\逆变器检修图片\page-016-image-001-I1.png,page-016-image-001-I1.png,.png,23653,2026-07-05T12:11:54+00:00,98fafe4367e22163b5ca136efa936a562549ab7b6e52c16992662e87fb28afd3,FAULT_IMAGE,,False,True,"route through Media/Multimodal Case, not knowledge_documents"
逆变器检修图片/page-016-image-002-I2.png,E:\大学\竞赛\软件杯\知识库文档\逆变器检修图片\page-016-image-002-I2.png,page-016-image-002-I2.png,.png,27311,2026-07-05T12:11:54+00:00,2683375efa6ac74e04ad3522a3030e4fee0bdabbafc9d727b322ed682d68d3c4,FAULT_IMAGE,,False,True,"route through Media/Multimodal Case, not knowledge_documents"
逆变器检修图片/page-016-image-003-I3.png,E:\大学\竞赛\软件杯\知识库文档\逆变器检修图片\page-016-image-003-I3.png,page-016-image-003-I3.png,.png,3354,2026-07-05T12:11:54+00:00,a203ae9d896458fa0c510cdf33ef8c48c287a1b98b8dae3ed89d556c050e53f1,FAULT_IMAGE,,False,True,"route through Media/Multimodal Case, not knowledge_documents"
逆变器检修图片/page-017-image-001-I1.png,E:\大学\竞赛\软件杯\知识库文档\逆变器检修图片\page-017-image-001-I1.png,page-017-image-001-I1.png,.png,3361,2026-07-05T12:11:54+00:00,6ad13d6a648a71c921ccc022e318114f471691b96a89ac5a3e25b1669c7fe488,FAULT_IMAGE,,False,True,"route through Media/Multimodal Case, not knowledge_documents"
逆变器检修图片/page-017-image-002-I2.png,E:\大学\竞赛\软件杯\知识库文档\逆变器检修图片\page-017-image-002-I2.png,page-017-image-002-I2.png,.png,3042,2026-07-05T12:11:54+00:00,91660ebb4db1f5eb6b1a834ee5fffb789d97713373206e75e6fbbd4569c2d513,FAULT_IMAGE,,False,True,"route through Media/Multimodal Case, not knowledge_documents"
逆变器检修图片/page-017-image-003-I3.png,E:\大学\竞赛\软件杯\知识库文档\逆变器检修图片\page-017-image-003-I3.png,page-017-image-003-I3.png,.png,2995,2026-07-05T12:11:54+00:00,e80331e6d4173125ea8f974bc5b1488ddac2ee044f61f70a664b9fb4f12f7e18,FAULT_IMAGE,,False,True,"route through Media/Multimodal Case, not knowledge_documents"
逆变器检修图片/page-018-image-001-I1.png,E:\大学\竞赛\软件杯\知识库文档\逆变器检修图片\page-018-image-001-I1.png,page-018-image-001-I1.png,.png,51832,2026-07-05T12:11:54+00:00,c1e1afe2743c76e9bc9fc1dbb248d9250ff79f43120c968ddb65698cf835e9fb,FAULT_IMAGE,,False,True,"route through Media/Multimodal Case, not knowledge_documents"
逆变器检修图片/page-018-image-002-I2.png,E:\大学\竞赛\软件杯\知识库文档\逆变器检修图片\page-018-image-002-I2.png,page-018-image-002-I2.png,.png,55897,2026-07-05T12:11:54+00:00,4bc29167d92b9ace538ff2c5deeb45a48631b2eb8b1eb2fc6b408f6b630f8655,FAULT_IMAGE,,False,True,"route through Media/Multimodal Case, not knowledge_documents"
逆变器检修图片/page-019-image-001-I1.png,E:\大学\竞赛\软件杯\知识库文档\逆变器检修图片\page-019-image-001-I1.png,page-019-image-001-I1.png,.png,1797,2026-07-05T12:11:54+00:00,0586f318d493f47e5f8ab7c7afcb193041a41616c57a0dba66ca33b170bc98a3,FAULT_IMAGE,,False,True,"route through Media/Multimodal Case, not knowledge_documents"
逆变器检修图片/page-019-image-002-I2.png,E:\大学\竞赛\软件杯\知识库文档\逆变器检修图片\page-019-image-002-I2.png,page-019-image-002-I2.png,.png,2014,2026-07-05T12:11:54+00:00,25c1dbc269b53be91db70b684cbe32c1e9cc9f47abdddd66c63736ca401abf7a,FAULT_IMAGE,,False,True,"route through Media/Multimodal Case, not knowledge_documents"
逆变器检修图片/page-019-image-003-I3.png,E:\大学\竞赛\软件杯\知识库文档\逆变器检修图片\page-019-image-003-I3.png,page-019-image-003-I3.png,.png,1952,2026-07-05T12:11:54+00:00,ad1ced5244f49b60cacaea56ff56aad5977f0a67c56203f13909fe91d8481679,FAULT_IMAGE,,False,True,"route through Media/Multimodal Case, not knowledge_documents"
逆变器检修图片/page-019-image-004-I4.png,E:\大学\竞赛\软件杯\知识库文档\逆变器检修图片\page-019-image-004-I4.png,page-019-image-004-I4.png,.png,1960,2026-07-05T12:11:54+00:00,0d72f38b457da9d2a8d0734beeab10010e6d77f15bb586ba3f3a73343583694b,FAULT_IMAGE,,False,True,"route through Media/Multimodal Case, not knowledge_documents"
逆变器检修图片/page-019-image-005-I5.png,E:\大学\竞赛\软件杯\知识库文档\逆变器检修图片\page-019-image-005-I5.png,page-019-image-005-I5.png,.png,3925,2026-07-05T12:11:54+00:00,356566375f7e4d8767112a385f8c2170fbad3a5a91dfa81915957b639348398a,FAULT_IMAGE,,False,True,"route through Media/Multimodal Case, not knowledge_documents"
逆变器检修图片/page-019-image-006-I6.png,E:\大学\竞赛\软件杯\知识库文档\逆变器检修图片\page-019-image-006-I6.png,page-019-image-006-I6.png,.png,1067,2026-07-05T12:11:54+00:00,3feb0355d450ffde578f5ecca1751f88cbe24d761658e8abafde56d726138cf0,FAULT_IMAGE,,False,True,"route through Media/Multimodal Case, not knowledge_documents"
逆变器检修图片/page-019-image-007-I7.png,E:\大学\竞赛\软件杯\知识库文档\逆变器检修图片\page-019-image-007-I7.png,page-019-image-007-I7.png,.png,5195,2026-07-05T12:11:54+00:00,63bfdb196825788e0134ef44044366d72a00c5bc9a961b9d86195db343464189,FAULT_IMAGE,,False,True,"route through Media/Multimodal Case, not knowledge_documents"
逆变器检修图片/page-019-image-008-I8.png,E:\大学\竞赛\软件杯\知识库文档\逆变器检修图片\page-019-image-008-I8.png,page-019-image-008-I8.png,.png,7928,2026-07-05T12:11:54+00:00,9929a3b7e34d134da383b5a2fc823827ac28eff734c9c2fb7f095db595bc9701,FAULT_IMAGE,,False,True,"route through Media/Multimodal Case, not knowledge_documents"
逆变器检修图片/page-019-image-009-I9.png,E:\大学\竞赛\软件杯\知识库文档\逆变器检修图片\page-019-image-009-I9.png,page-019-image-009-I9.png,.png,7665,2026-07-05T12:11:54+00:00,85ce6f86eecfc9a3a62b8df2529ce13d7c78400ccf77a3769ec9d9bae0d13d07,FAULT_IMAGE,,False,True,"route through Media/Multimodal Case, not knowledge_documents"
逆变器检修图片/page-019-image-010-I10.png,E:\大学\竞赛\软件杯\知识库文档\逆变器检修图片\page-019-image-010-I10.png,page-019-image-010-I10.png,.png,2502,2026-07-05T12:11:54+00:00,e208937b49a3cb5b6b9054e5c4a2e54cdbfd48206f1d585fd1a647b6cb110230,FAULT_IMAGE,,False,True,"route through Media/Multimodal Case, not knowledge_documents"
逆变器检修图片/page-020-image-001-I1.png,E:\大学\竞赛\软件杯\知识库文档\逆变器检修图片\page-020-image-001-I1.png,page-020-image-001-I1.png,.png,14080,2026-07-05T12:11:54+00:00,c7464edb43b3ce2511f2f6793bfd6f1615945f9eb2cc626890a0c669a400b5e4,FAULT_IMAGE,,False,True,"route through Media/Multimodal Case, not knowledge_documents"
逆变器检修图片/page-020-image-002-I2.png,E:\大学\竞赛\软件杯\知识库文档\逆变器检修图片\page-020-image-002-I2.png,page-020-image-002-I2.png,.png,2796,2026-07-05T12:11:54+00:00,eaa762b658f9b0a9c53746916c2fd5b32dffb3ff3313bcc58949f6487f63f532,FAULT_IMAGE,,False,True,"route through Media/Multimodal Case, not knowledge_documents"
逆变器检修图片/page-020-image-003-I3.png,E:\大学\竞赛\软件杯\知识库文档\逆变器检修图片\page-020-image-003-I3.png,page-020-image-003-I3.png,.png,17349,2026-07-05T12:11:54+00:00,f6c329b3aad321fd706d7a11ca308fd665094b380d640fa8af40e377a1883f19,FAULT_IMAGE,,False,True,"route through Media/Multimodal Case, not knowledge_documents"
逆变器检修图片/page-020-image-004-I4.png,E:\大学\竞赛\软件杯\知识库文档\逆变器检修图片\page-020-image-004-I4.png,page-020-image-004-I4.png,.png,96317,2026-07-05T12:11:54+00:00,92a0e5ec1c7d20d8d14a397da4394a0ca8c2bea2493bda38c339b0731c7e7349,FAULT_IMAGE,,False,True,"route through Media/Multimodal Case, not knowledge_documents"
逆变器检修图片/page-021-image-001-I1.png,E:\大学\竞赛\软件杯\知识库文档\逆变器检修图片\page-021-image-001-I1.png,page-021-image-001-I1.png,.png,78256,2026-07-05T12:11:55+00:00,7ac96c1119723293cd3ce28fdaf2d83f9deec30ce6947c949aece10802e888ea,FAULT_IMAGE,,False,True,"route through Media/Multimodal Case, not knowledge_documents"
逆变器检修图片/page-022-image-001-I1.png,E:\大学\竞赛\软件杯\知识库文档\逆变器检修图片\page-022-image-001-I1.png,page-022-image-001-I1.png,.png,43363,2026-07-05T12:11:55+00:00,beae19e5b669b3cb1be780612486a3a62a6e3896d476ab8921851998d8b44643,FAULT_IMAGE,,False,True,"route through Media/Multimodal Case, not knowledge_documents"
逆变器检修图片/page-023-image-001-I1.jp2,E:\大学\竞赛\软件杯\知识库文档\逆变器检修图片\page-023-image-001-I1.jp2,page-023-image-001-I1.jp2,.jp2,93027,2026-07-05T12:11:55+00:00,add55b2376d505cf27f3b20d907f5b69448b0cb6a761117521b75c8e926f95dd,FAULT_IMAGE,,False,True,"route through Media/Multimodal Case, not knowledge_documents"
逆变器检修图片/page-023-image-002-I2.jp2,E:\大学\竞赛\软件杯\知识库文档\逆变器检修图片\page-023-image-002-I2.jp2,page-023-image-002-I2.jp2,.jp2,85061,2026-07-05T12:11:55+00:00,ac814b15407ea8f35d4d673136472d4fb45202ef044778d0b232557f4cb12709,FAULT_IMAGE,,False,True,"route through Media/Multimodal Case, not knowledge_documents"
逆变器检修图片/page-025-image-001-I1.png,E:\大学\竞赛\软件杯\知识库文档\逆变器检修图片\page-025-image-001-I1.png,page-025-image-001-I1.png,.png,11844,2026-07-05T12:11:55+00:00,d49fa321a4350fb89397689a2f619449fccb4ae63e56a723a13cf76d35877412,FAULT_IMAGE,,False,True,"route through Media/Multimodal Case, not knowledge_documents"
逆变器检修图片/page-025-image-002-I2.png,E:\大学\竞赛\软件杯\知识库文档\逆变器检修图片\page-025-image-002-I2.png,page-025-image-002-I2.png,.png,17081,2026-07-05T12:11:55+00:00,362ff103b27e734916b0caa65e91b3c4fe43fcd8f328acf4e892f41b0fa983fe,FAULT_IMAGE,,False,True,"route through Media/Multimodal Case, not knowledge_documents"
逆变器检修图片/page-025-image-003-I3.png,E:\大学\竞赛\软件杯\知识库文档\逆变器检修图片\page-025-image-003-I3.png,page-025-image-003-I3.png,.png,4071,2026-07-05T12:11:55+00:00,5068867a48b0cd5a762c64773c9d4773724d1ad5ed4909b935deeb6ea7de62ea,FAULT_IMAGE,,False,True,"route through Media/Multimodal Case, not knowledge_documents"
逆变器检修图片/page-025-image-004-I4.png,E:\大学\竞赛\软件杯\知识库文档\逆变器检修图片\page-025-image-004-I4.png,page-025-image-004-I4.png,.png,7891,2026-07-05T12:11:55+00:00,c3322410168bc8e25409adccbf9e859e8b39f44d4b3663b2dc8e905b621eec1d,FAULT_IMAGE,,False,True,"route through Media/Multimodal Case, not knowledge_documents"
逆变器检修图片/page-025-image-005-I5.png,E:\大学\竞赛\软件杯\知识库文档\逆变器检修图片\page-025-image-005-I5.png,page-025-image-005-I5.png,.png,9094,2026-07-05T12:11:55+00:00,7a76d2df450067017890d681e7c5c9f9ab8a982b3964f12ef71f31bef2994eb2,FAULT_IMAGE,,False,True,"route through Media/Multimodal Case, not knowledge_documents"
逆变器检修图片/page-025-image-006-I6.png,E:\大学\竞赛\软件杯\知识库文档\逆变器检修图片\page-025-image-006-I6.png,page-025-image-006-I6.png,.png,3502,2026-07-05T12:11:55+00:00,b9d6cb2dde29eaeaf11cfb16090d3a5eb29368fea5b987d8e98592d7a812ffca,FAULT_IMAGE,,False,True,"route through Media/Multimodal Case, not knowledge_documents"
逆变器检修图片/page-025-image-007-I7.png,E:\大学\竞赛\软件杯\知识库文档\逆变器检修图片\page-025-image-007-I7.png,page-025-image-007-I7.png,.png,3275,2026-07-05T12:11:55+00:00,bb25e10c55aa0b7f58ebb4a5b1c6631a01cb8aa81ab19b133248c2ee6e61e19c,FAULT_IMAGE,,False,True,"route through Media/Multimodal Case, not knowledge_documents"
逆变器检修图片/page-025-image-008-I8.png,E:\大学\竞赛\软件杯\知识库文档\逆变器检修图片\page-025-image-008-I8.png,page-025-image-008-I8.png,.png,6322,2026-07-05T12:11:55+00:00,09a74bdaa2d645b32181056d13ece464624f03a2bddc6e167ea98704186eacb8,FAULT_IMAGE,,False,True,"route through Media/Multimodal Case, not knowledge_documents"
逆变器检修图片/page-025-image-009-I9.png,E:\大学\竞赛\软件杯\知识库文档\逆变器检修图片\page-025-image-009-I9.png,page-025-image-009-I9.png,.png,5027,2026-07-05T12:11:55+00:00,343e1233294c5bd50879b62800dda4ec7828affc3de59553df4143bc11cdcfa1,FAULT_IMAGE,,False,True,"route through Media/Multimodal Case, not knowledge_documents"
逆变器检修图片/page-025-image-010-I10.png,E:\大学\竞赛\软件杯\知识库文档\逆变器检修图片\page-025-image-010-I10.png,page-025-image-010-I10.png,.png,8160,2026-07-05T12:11:55+00:00,cdcaa46dc36d95046e545ef4bde165e8cec07829e56592a5f202beaaa7e85e3e,FAULT_IMAGE,,False,True,"route through Media/Multimodal Case, not knowledge_documents"
逆变器检修图片/page-025-image-011-I11.png,E:\大学\竞赛\软件杯\知识库文档\逆变器检修图片\page-025-image-011-I11.png,page-025-image-011-I11.png,.png,6942,2026-07-05T12:11:55+00:00,9e363ad8db219af07aba85ee8f170872b5bc10c2371772ccdbb065d767166fe0,FAULT_IMAGE,,False,True,"route through Media/Multimodal Case, not knowledge_documents"
逆变器检修图片/page-025-image-012-I12.png,E:\大学\竞赛\软件杯\知识库文档\逆变器检修图片\page-025-image-012-I12.png,page-025-image-012-I12.png,.png,9313,2026-07-05T12:11:55+00:00,7d9f466aa5fae8b73622f3519d4e9bbfde7e4b338ee3bccf53e89c715bdc1a49,FAULT_IMAGE,,False,True,"route through Media/Multimodal Case, not knowledge_documents"
逆变器检修图片/page-025-image-013-I13.png,E:\大学\竞赛\软件杯\知识库文档\逆变器检修图片\page-025-image-013-I13.png,page-025-image-013-I13.png,.png,14536,2026-07-05T12:11:55+00:00,e9a7db845fcf5a0c0a35fbc93740d23e88fbc4b348515a410d001bb337228274,FAULT_IMAGE,,False,True,"route through Media/Multimodal Case, not knowledge_documents"
逆变器检修图片/page-025-image-014-I14.png,E:\大学\竞赛\软件杯\知识库文档\逆变器检修图片\page-025-image-014-I14.png,page-025-image-014-I14.png,.png,1663,2026-07-05T12:11:55+00:00,f4c694fd7f99ced24d4566661ce806bd57109b956e4958f92e0d53ea9ea5ad1b,FAULT_IMAGE,,False,True,"route through Media/Multimodal Case, not knowledge_documents"
逆变器检修图片/page-025-image-015-I15.png,E:\大学\竞赛\软件杯\知识库文档\逆变器检修图片\page-025-image-015-I15.png,page-025-image-015-I15.png,.png,8181,2026-07-05T12:11:55+00:00,eb855d8703a6af8ffa1f5969c105332675d745227addc7707015847f999f39b7,FAULT_IMAGE,,False,True,"route through Media/Multimodal Case, not knowledge_documents"
逆变器检修图片/page-025-image-016-I16.png,E:\大学\竞赛\软件杯\知识库文档\逆变器检修图片\page-025-image-016-I16.png,page-025-image-016-I16.png,.png,2789,2026-07-05T12:11:55+00:00,770d0683231dc48d4ce8e8645d39b45ff01948b53c60ee14ca28861b31bac29c,FAULT_IMAGE,,False,True,"route through Media/Multimodal Case, not knowledge_documents"
逆变器检修图片/page-025-image-017-I17.png,E:\大学\竞赛\软件杯\知识库文档\逆变器检修图片\page-025-image-017-I17.png,page-025-image-017-I17.png,.png,6110,2026-07-05T12:11:55+00:00,6a158be134679ca5db9bed2d42e99c3b927b0f310a54e5081e4c8fb03f0eb873,FAULT_IMAGE,,False,True,"route through Media/Multimodal Case, not knowledge_documents"
逆变器检修图片/page-025-image-018-I18.png,E:\大学\竞赛\软件杯\知识库文档\逆变器检修图片\page-025-image-018-I18.png,page-025-image-018-I18.png,.png,21025,2026-07-05T12:11:55+00:00,0f8f78066c4ac271ecdbc59aa0236f8b98447de7a785235290a2b32e36ad8b59,FAULT_IMAGE,,False,True,"route through Media/Multimodal Case, not knowledge_documents"
逆变器检修图片/page-025-image-019-I19.png,E:\大学\竞赛\软件杯\知识库文档\逆变器检修图片\page-025-image-019-I19.png,page-025-image-019-I19.png,.png,10518,2026-07-05T12:11:55+00:00,218699961c605473b908f3c4ab9771b6909fa940f5e849411aa7035b73af19de,FAULT_IMAGE,,False,True,"route through Media/Multimodal Case, not knowledge_documents"
逆变器检修图片/page-025-image-020-I20.png,E:\大学\竞赛\软件杯\知识库文档\逆变器检修图片\page-025-image-020-I20.png,page-025-image-020-I20.png,.png,2424,2026-07-05T12:11:55+00:00,8455fccd3d20f9995d6aae22c187391d9e84b53cba1e696e5e179500a741a1aa,FAULT_IMAGE,,False,True,"route through Media/Multimodal Case, not knowledge_documents"
逆变器检修图片/page-026-image-001-I1.png,E:\大学\竞赛\软件杯\知识库文档\逆变器检修图片\page-026-image-001-I1.png,page-026-image-001-I1.png,.png,14077,2026-07-05T12:11:55+00:00,ec32131b8eb2dbe23a8d0293678ba3e81f68f25c6cb4ec312bd19a8a2a30676c,FAULT_IMAGE,,False,True,"route through Media/Multimodal Case, not knowledge_documents"
逆变器检修图片/page-026-image-002-I2.png,E:\大学\竞赛\软件杯\知识库文档\逆变器检修图片\page-026-image-002-I2.png,page-026-image-002-I2.png,.png,9222,2026-07-05T12:11:55+00:00,e18de1b061ba38a39697c040716c5ec172f2de3eab8c61a9f81d77121e22efd0,FAULT_IMAGE,,False,True,"route through Media/Multimodal Case, not knowledge_documents"
逆变器检修图片/page-026-image-003-I3.png,E:\大学\竞赛\软件杯\知识库文档\逆变器检修图片\page-026-image-003-I3.png,page-026-image-003-I3.png,.png,11093,2026-07-05T12:11:55+00:00,5594dece3fde33f12f5a0e13cfa6e60a871142d592f21181ea0db4f5159c2112,FAULT_IMAGE,,False,True,"route through Media/Multimodal Case, not knowledge_documents"
逆变器检修图片/page-026-image-004-I4.png,E:\大学\竞赛\软件杯\知识库文档\逆变器检修图片\page-026-image-004-I4.png,page-026-image-004-I4.png,.png,23586,2026-07-05T12:11:55+00:00,947bfc10728f89c108af40acdfb8d724d218d3cdf3d2b02c1c1a53c94d4690c9,FAULT_IMAGE,,False,True,"route through Media/Multimodal Case, not knowledge_documents"
逆变器检修图片/page-027-image-001-I1.png,E:\大学\竞赛\软件杯\知识库文档\逆变器检修图片\page-027-image-001-I1.png,page-027-image-001-I1.png,.png,26851,2026-07-05T12:11:55+00:00,aac79cf44ac5dd252fdb234eccb163c4d44a4654e93271e86f96e33cd692b0b0,FAULT_IMAGE,,False,True,"route through Media/Multimodal Case, not knowledge_documents"
逆变器检修图片/page-027-image-002-I2.png,E:\大学\竞赛\软件杯\知识库文档\逆变器检修图片\page-027-image-002-I2.png,page-027-image-002-I2.png,.png,26369,2026-07-05T12:11:56+00:00,c1140121fefda9a2837ecc4db6fd89913cab96ba5a72a604364637b6841b5931,FAULT_IMAGE,,False,True,"route through Media/Multimodal Case, not knowledge_documents"
逆变器检修图片/page-028-image-001-I1.png,E:\大学\竞赛\软件杯\知识库文档\逆变器检修图片\page-028-image-001-I1.png,page-028-image-001-I1.png,.png,67571,2026-07-05T12:11:56+00:00,0528b0891f3ff2ff3773a53b2a2008836f57b4f84b4f05f58c43144b86e831e7,FAULT_IMAGE,,False,True,"route through Media/Multimodal Case, not knowledge_documents"
逆变器检修图片/page-028-image-002-I2.png,E:\大学\竞赛\软件杯\知识库文档\逆变器检修图片\page-028-image-002-I2.png,page-028-image-002-I2.png,.png,18432,2026-07-05T12:11:56+00:00,195c363908fd1a550892f88a5bac1299d6239ea6eb2fef0b70dcafe907db16eb,FAULT_IMAGE,,False,True,"route through Media/Multimodal Case, not knowledge_documents"
逆变器检修图片/page-029-image-001-I1.png,E:\大学\竞赛\软件杯\知识库文档\逆变器检修图片\page-029-image-001-I1.png,page-029-image-001-I1.png,.png,27411,2026-07-05T12:11:56+00:00,7120060ec2af5b22646d0eaca296cd74076ed17d080554fc88ab2133fb09ff79,FAULT_IMAGE,,False,True,"route through Media/Multimodal Case, not knowledge_documents"
逆变器检修图片/page-029-image-002-I2.png,E:\大学\竞赛\软件杯\知识库文档\逆变器检修图片\page-029-image-002-I2.png,page-029-image-002-I2.png,.png,37009,2026-07-05T12:11:56+00:00,5950a5eea91bb4a5c91c6a6bf8e260dbaef3c15b0942fdf173d6c7097358c06a,FAULT_IMAGE,,False,True,"route through Media/Multimodal Case, not knowledge_documents"
逆变器检修图片/page-030-image-001-I1.png,E:\大学\竞赛\软件杯\知识库文档\逆变器检修图片\page-030-image-001-I1.png,page-030-image-001-I1.png,.png,17612,2026-07-05T12:11:56+00:00,fc0b081ff1f1d4305204de95297c2e26804ace1d82e2c7b1463b897a6cf51bb5,FAULT_IMAGE,,False,True,"route through Media/Multimodal Case, not knowledge_documents"
逆变器检修图片/page-030-image-002-I2.png,E:\大学\竞赛\软件杯\知识库文档\逆变器检修图片\page-030-image-002-I2.png,page-030-image-002-I2.png,.png,31401,2026-07-05T12:11:56+00:00,27a239ac4dcdbf7c6f64693985333cd9978277a562b87a813efc4d2f0ff54261,FAULT_IMAGE,,False,True,"route through Media/Multimodal Case, not knowledge_documents"
逆变器检修图片/page-031-image-001-I1.png,E:\大学\竞赛\软件杯\知识库文档\逆变器检修图片\page-031-image-001-I1.png,page-031-image-001-I1.png,.png,59600,2026-07-05T12:11:56+00:00,84eec0430b61633da52b985842cf03e1af4cc4242fea50a471afe3bf3e10a8f7,FAULT_IMAGE,,False,True,"route through Media/Multimodal Case, not knowledge_documents"
逆变器检修图片/page-032-image-001-I1.png,E:\大学\竞赛\软件杯\知识库文档\逆变器检修图片\page-032-image-001-I1.png,page-032-image-001-I1.png,.png,77003,2026-07-05T12:11:56+00:00,7f7f474598cdc2e83197cf23f91cf2dccb9d99b6c62bc7a63b6989a697f69a89,FAULT_IMAGE,,False,True,"route through Media/Multimodal Case, not knowledge_documents"
逆变器检修图片/page-032-image-002-I2.png,E:\大学\竞赛\软件杯\知识库文档\逆变器检修图片\page-032-image-002-I2.png,page-032-image-002-I2.png,.png,87454,2026-07-05T12:11:56+00:00,f598f02dd71b8399c199f1b9ddf047f42af1e7dc33878cb1dd769f157174c736,FAULT_IMAGE,,False,True,"route through Media/Multimodal Case, not knowledge_documents"
逆变器检修图片/page-033-image-001-I1.png,E:\大学\竞赛\软件杯\知识库文档\逆变器检修图片\page-033-image-001-I1.png,page-033-image-001-I1.png,.png,77135,2026-07-05T12:11:56+00:00,eb1e5c5514b67835a3fa528cfd921e2ca53e5f2d5929b1c35376ea03959d5971,FAULT_IMAGE,,False,True,"route through Media/Multimodal Case, not knowledge_documents"
逆变器检修图片/page-033-image-002-I2.png,E:\大学\竞赛\软件杯\知识库文档\逆变器检修图片\page-033-image-002-I2.png,page-033-image-002-I2.png,.png,105829,2026-07-05T12:11:57+00:00,333766f0ddf1c1b8b0ad741948e44ef5d44bb909d1123229557f7a7392809655,FAULT_IMAGE,,False,True,"route through Media/Multimodal Case, not knowledge_documents"
逆变器检修图片/page-034-image-001-I1.png,E:\大学\竞赛\软件杯\知识库文档\逆变器检修图片\page-034-image-001-I1.png,page-034-image-001-I1.png,.png,140258,2026-07-05T12:11:57+00:00,e46c8e1a9a99a3b8cda0cd5a16b2b55c3ae3c6bfc7af430cdf9d4c9909a0b5de,FAULT_IMAGE,,False,True,"route through Media/Multimodal Case, not knowledge_documents"
逆变器检修图片/page-034-image-002-I2.png,E:\大学\竞赛\软件杯\知识库文档\逆变器检修图片\page-034-image-002-I2.png,page-034-image-002-I2.png,.png,41021,2026-07-05T12:11:57+00:00,0e76de5701946e7ff8dc1a81b5ce84cfa9b2222601a0b2fa5aac9bc85dc2aa74,FAULT_IMAGE,,False,True,"route through Media/Multimodal Case, not knowledge_documents"
逆变器检修图片/page-036-image-001-I1.png,E:\大学\竞赛\软件杯\知识库文档\逆变器检修图片\page-036-image-001-I1.png,page-036-image-001-I1.png,.png,49901,2026-07-05T12:11:57+00:00,e8e69e2835e438c823511e9dd2fc6f0f0d3c6eabf4b53685ab85080c5cc2e842,FAULT_IMAGE,,False,True,"route through Media/Multimodal Case, not knowledge_documents"
逆变器检修图片/page-037-image-001-I1.png,E:\大学\竞赛\软件杯\知识库文档\逆变器检修图片\page-037-image-001-I1.png,page-037-image-001-I1.png,.png,43412,2026-07-05T12:11:57+00:00,4ebd49846ad7c0c3c33118c3df9c928b168314ab3f2e342a31d07c8247f24087,FAULT_IMAGE,,False,True,"route through Media/Multimodal Case, not knowledge_documents"
逆变器检修图片/page-037-image-002-I2.png,E:\大学\竞赛\软件杯\知识库文档\逆变器检修图片\page-037-image-002-I2.png,page-037-image-002-I2.png,.png,40314,2026-07-05T12:11:57+00:00,3b447b6af65d795cea42c4930ecfe71ca4ba1e1a6c35f703dbbc5770c67e8a99,FAULT_IMAGE,,False,True,"route through Media/Multimodal Case, not knowledge_documents"
逆变器检修图片/page-038-image-001-I1.png,E:\大学\竞赛\软件杯\知识库文档\逆变器检修图片\page-038-image-001-I1.png,page-038-image-001-I1.png,.png,94071,2026-07-05T12:11:57+00:00,01f9f2f789806dcb28d5e0ee53ac4fa6e201aab627c1746916209bb37807be6a,FAULT_IMAGE,,False,True,"route through Media/Multimodal Case, not knowledge_documents"
逆变器检修图片/page-039-image-001-I1.png,E:\大学\竞赛\软件杯\知识库文档\逆变器检修图片\page-039-image-001-I1.png,page-039-image-001-I1.png,.png,49875,2026-07-05T12:11:57+00:00,488961d83b95b1d2125241f4e4a15ceb6350666f95aef4d4ef263cc41c12919a,FAULT_IMAGE,,False,True,"route through Media/Multimodal Case, not knowledge_documents"
逆变器检修图片/page-039-image-002-I2.png,E:\大学\竞赛\软件杯\知识库文档\逆变器检修图片\page-039-image-002-I2.png,page-039-image-002-I2.png,.png,71392,2026-07-05T12:11:58+00:00,54e89cfbe6eb2d62a7d6297c86d9efa93587603c094997220f300aba364985d4,FAULT_IMAGE,,False,True,"route through Media/Multimodal Case, not knowledge_documents"
逆变器检修图片/page-040-image-001-I1.png,E:\大学\竞赛\软件杯\知识库文档\逆变器检修图片\page-040-image-001-I1.png,page-040-image-001-I1.png,.png,55869,2026-07-05T12:11:58+00:00,066f5afc852e38802bcc4c2255323f6f89bda47dd3736e6f24f82fad08eac710,FAULT_IMAGE,,False,True,"route through Media/Multimodal Case, not knowledge_documents"
逆变器检修图片/page-042-image-001-I1.png,E:\大学\竞赛\软件杯\知识库文档\逆变器检修图片\page-042-image-001-I1.png,page-042-image-001-I1.png,.png,11347,2026-07-05T12:11:58+00:00,c0e465bda41f2922229b43285d97139e9ee9ff6930a6d5fc30bb5ad64529b62c,FAULT_IMAGE,,False,True,"route through Media/Multimodal Case, not knowledge_documents"
逆变器检修图片/page-042-image-002-I2.png,E:\大学\竞赛\软件杯\知识库文档\逆变器检修图片\page-042-image-002-I2.png,page-042-image-002-I2.png,.png,31593,2026-07-05T12:11:58+00:00,b463dcfe9337d94a983b209069a24662790eb59cf420074b9f68f16a1128e880,FAULT_IMAGE,,False,True,"route through Media/Multimodal Case, not knowledge_documents"
逆变器检修图片/page-043-image-001-I1.png,E:\大学\竞赛\软件杯\知识库文档\逆变器检修图片\page-043-image-001-I1.png,page-043-image-001-I1.png,.png,30681,2026-07-05T12:11:58+00:00,0ec934d9b000d2fdd7c8ed43a3d66417e40f23ae15ede8fc5e51de3254fdc8ec,FAULT_IMAGE,,False,True,"route through Media/Multimodal Case, not knowledge_documents"
逆变器检修图片/page-044-image-001-I1.png,E:\大学\竞赛\软件杯\知识库文档\逆变器检修图片\page-044-image-001-I1.png,page-044-image-001-I1.png,.png,128305,2026-07-05T12:11:58+00:00,3b24264d5338565bd86e10c9acb38d3abe507358a1a8231cc98823ce9cd5c69e,FAULT_IMAGE,,False,True,"route through Media/Multimodal Case, not knowledge_documents"
逆变器检修图片/page-045-image-001-I1.png,E:\大学\竞赛\软件杯\知识库文档\逆变器检修图片\page-045-image-001-I1.png,page-045-image-001-I1.png,.png,116589,2026-07-05T12:11:58+00:00,aea2e496eec34ead2b3a9c33cf10bdb43feddb15802da3ca7b72a98345e1b875,FAULT_IMAGE,,False,True,"route through Media/Multimodal Case, not knowledge_documents"
逆变器检修图片/page-045-image-002-I2.png,E:\大学\竞赛\软件杯\知识库文档\逆变器检修图片\page-045-image-002-I2.png,page-045-image-002-I2.png,.png,15952,2026-07-05T12:11:58+00:00,fdd527fa60207c5dfde14b8645fc57664d74a17c06298e58b52b60e5ccf2c0a6,FAULT_IMAGE,,False,True,"route through Media/Multimodal Case, not knowledge_documents"
逆变器检修图片/page-047-image-001-I1.png,E:\大学\竞赛\软件杯\知识库文档\逆变器检修图片\page-047-image-001-I1.png,page-047-image-001-I1.png,.png,50624,2026-07-05T12:11:58+00:00,7185fbdb3c38a4463ebd0c3d1c7f152d124ebc31ab5fb39396cead6577351570,FAULT_IMAGE,,False,True,"route through Media/Multimodal Case, not knowledge_documents"
逆变器检修图片/page-048-image-001-I1.png,E:\大学\竞赛\软件杯\知识库文档\逆变器检修图片\page-048-image-001-I1.png,page-048-image-001-I1.png,.png,47139,2026-07-05T12:11:58+00:00,d4aa10c5c5f3861109b02d6d81123993bef6f58c9b10aa66aadb3a2de462e643,FAULT_IMAGE,,False,True,"route through Media/Multimodal Case, not knowledge_documents"
逆变器检修图片/page-050-image-001-I1.png,E:\大学\竞赛\软件杯\知识库文档\逆变器检修图片\page-050-image-001-I1.png,page-050-image-001-I1.png,.png,108305,2026-07-05T12:11:58+00:00,88b232f1fb183916fdf7f37da8ddeff61b27532bb18f0ab261a186529bbcee66,FAULT_IMAGE,,False,True,"route through Media/Multimodal Case, not knowledge_documents"
逆变器检修图片/page-050-image-002-I2.png,E:\大学\竞赛\软件杯\知识库文档\逆变器检修图片\page-050-image-002-I2.png,page-050-image-002-I2.png,.png,91692,2026-07-05T12:11:58+00:00,74006061d65ebf18a39457296f9c78fa5ac82702fd4a4a5fc0bf5d1abd5d7ae4,FAULT_IMAGE,,False,True,"route through Media/Multimodal Case, not knowledge_documents"
逆变器检修图片/page-050-image-003-I3.png,E:\大学\竞赛\软件杯\知识库文档\逆变器检修图片\page-050-image-003-I3.png,page-050-image-003-I3.png,.png,18449,2026-07-05T12:11:58+00:00,d82026e348406e584ae55c6326ad88a713285bc3b1b398df4813cac58bfe6b9c,FAULT_IMAGE,,False,True,"route through Media/Multimodal Case, not knowledge_documents"
逆变器检修图片/page-051-image-001-I1.png,E:\大学\竞赛\软件杯\知识库文档\逆变器检修图片\page-051-image-001-I1.png,page-051-image-001-I1.png,.png,19239,2026-07-05T12:11:58+00:00,487bcff1d4717e36cf23565b0ec5034d50f7ee16924452ff88e72c43d4b6d673,FAULT_IMAGE,,False,True,"route through Media/Multimodal Case, not knowledge_documents"
逆变器检修图片/page-051-image-002-I2.png,E:\大学\竞赛\软件杯\知识库文档\逆变器检修图片\page-051-image-002-I2.png,page-051-image-002-I2.png,.png,20043,2026-07-05T12:11:58+00:00,3a2ecfdf54333f7dac9fe52d33f0e25bb6d29b51e4b02be53139bd6f97edf89e,FAULT_IMAGE,,False,True,"route through Media/Multimodal Case, not knowledge_documents"
逆变器检修图片/page-052-image-001-I1.png,E:\大学\竞赛\软件杯\知识库文档\逆变器检修图片\page-052-image-001-I1.png,page-052-image-001-I1.png,.png,154517,2026-07-05T12:11:59+00:00,f0a25b884a85a805178d9ea7e410c64e8f8dbd5ca35c6c624353320864afc5b7,FAULT_IMAGE,,False,True,"route through Media/Multimodal Case, not knowledge_documents"
逆变器检修图片/page-053-image-001-I1.png,E:\大学\竞赛\软件杯\知识库文档\逆变器检修图片\page-053-image-001-I1.png,page-053-image-001-I1.png,.png,154253,2026-07-05T12:11:59+00:00,d8e9c5fbd29079a50014fc6ac2cbec89f62b330a4da83e31f1a916389e4cb384,FAULT_IMAGE,,False,True,"route through Media/Multimodal Case, not knowledge_documents"
逆变器检修图片/page-054-image-001-I1.png,E:\大学\竞赛\软件杯\知识库文档\逆变器检修图片\page-054-image-001-I1.png,page-054-image-001-I1.png,.png,85623,2026-07-05T12:11:59+00:00,af76a761da3ff5abb65bdbee74c3d9554e9ed5514774925d76b1eefddacb2b48,FAULT_IMAGE,,False,True,"route through Media/Multimodal Case, not knowledge_documents"
逆变器检修图片/page-056-image-001-I1.png,E:\大学\竞赛\软件杯\知识库文档\逆变器检修图片\page-056-image-001-I1.png,page-056-image-001-I1.png,.png,1797,2026-07-05T12:11:59+00:00,0586f318d493f47e5f8ab7c7afcb193041a41616c57a0dba66ca33b170bc98a3,FAULT_IMAGE,逆变器检修图片/page-019-image-001-I1.png,False,True,"route through Media/Multimodal Case, not knowledge_documents; byte-identical duplicate of 逆变器检修图片/page-019-image-001-I1.png"
逆变器检修图片/page-058-image-001-I1.png,E:\大学\竞赛\软件杯\知识库文档\逆变器检修图片\page-058-image-001-I1.png,page-058-image-001-I1.png,.png,11274,2026-07-05T12:11:59+00:00,102576800ef0018127e06ee27fd5c7b30feb0c878c1fca6a5c367dfb04c11b8d,FAULT_IMAGE,,False,True,"route through Media/Multimodal Case, not knowledge_documents"
逆变器检修图片/page-058-image-002-I2.png,E:\大学\竞赛\软件杯\知识库文档\逆变器检修图片\page-058-image-002-I2.png,page-058-image-002-I2.png,.png,8295,2026-07-05T12:11:59+00:00,f55c07fdf461f64b9628a83df3cc3019d7b8ecd9518f2886c1ba47066971c649,FAULT_IMAGE,,False,True,"route through Media/Multimodal Case, not knowledge_documents"
逆变器检修图片/page-059-image-001-I1.png,E:\大学\竞赛\软件杯\知识库文档\逆变器检修图片\page-059-image-001-I1.png,page-059-image-001-I1.png,.png,13466,2026-07-05T12:11:59+00:00,441a8a368d8e9d847494229e216c90db654d8700faa22eb6139974fc4bb03629,FAULT_IMAGE,,False,True,"route through Media/Multimodal Case, not knowledge_documents"
逆变器检修图片/page-060-image-001-I1.jp2,E:\大学\竞赛\软件杯\知识库文档\逆变器检修图片\page-060-image-001-I1.jp2,page-060-image-001-I1.jp2,.jp2,386766,2026-07-05T12:11:59+00:00,8f3b1dba2ac44a1225e02a8be78d4cbc480d789f47ac137a0c625a2177e63a88,FAULT_IMAGE,,False,True,"route through Media/Multimodal Case, not knowledge_documents"
逆变器检修图片/page-061-image-001-I1.jp2,E:\大学\竞赛\软件杯\知识库文档\逆变器检修图片\page-061-image-001-I1.jp2,page-061-image-001-I1.jp2,.jp2,328094,2026-07-05T12:11:59+00:00,b489952a2e292a4a34aa4bc2dfc428a66a4d6bcdff18875c09eebf9118d64dab,FAULT_IMAGE,,False,True,"route through Media/Multimodal Case, not knowledge_documents"
逆变器检修图片/page-062-image-001-I1.jp2,E:\大学\竞赛\软件杯\知识库文档\逆变器检修图片\page-062-image-001-I1.jp2,page-062-image-001-I1.jp2,.jp2,168995,2026-07-05T12:11:59+00:00,538099946913f6699eb4874c919fdea0aaadebd22d5a7721ea859789cd0636d1,FAULT_IMAGE,,False,True,"route through Media/Multimodal Case, not knowledge_documents"
逆变器检修图片/page-063-image-001-I1.jp2,E:\大学\竞赛\软件杯\知识库文档\逆变器检修图片\page-063-image-001-I1.jp2,page-063-image-001-I1.jp2,.jp2,121447,2026-07-05T12:11:59+00:00,9781ee45ef7b9edfa6319d9d39c58241495353621b802c7e865797765df36211,FAULT_IMAGE,,False,True,"route through Media/Multimodal Case, not knowledge_documents"
逆变器检修图片/page-063-image-002-I2.png,E:\大学\竞赛\软件杯\知识库文档\逆变器检修图片\page-063-image-002-I2.png,page-063-image-002-I2.png,.png,24843,2026-07-05T12:11:59+00:00,614f9090b200450d9e8bef93305357b9a712b1794d91467959fbb3f9a0f930f2,FAULT_IMAGE,,False,True,"route through Media/Multimodal Case, not knowledge_documents"
逆变器检修图片/page-064-image-001-I1.png,E:\大学\竞赛\软件杯\知识库文档\逆变器检修图片\page-064-image-001-I1.png,page-064-image-001-I1.png,.png,18807,2026-07-05T12:11:59+00:00,e7e87d5f4a30daf8fbbb897ac6500ed68a28051c61c82175bc24a37557e1ccf2,FAULT_IMAGE,,False,True,"route through Media/Multimodal Case, not knowledge_documents"
逆变器检修图片/page-064-image-002-I2.png,E:\大学\竞赛\软件杯\知识库文档\逆变器检修图片\page-064-image-002-I2.png,page-064-image-002-I2.png,.png,100140,2026-07-05T12:12:00+00:00,5d086f6b3742f1f24b5734315561b4d445607eded6727964141e8031a6c1f018,FAULT_IMAGE,,False,True,"route through Media/Multimodal Case, not knowledge_documents"
逆变器检修图片/page-067-image-001-I1.png,E:\大学\竞赛\软件杯\知识库文档\逆变器检修图片\page-067-image-001-I1.png,page-067-image-001-I1.png,.png,129603,2026-07-05T12:12:00+00:00,09d3da8a24df960b8abf74ba31277bf5c27d9c212d7c03a99501fb6301b10f60,FAULT_IMAGE,,False,True,"route through Media/Multimodal Case, not knowledge_documents"
逆变器检修图片/page-068-image-001-I1.png,E:\大学\竞赛\软件杯\知识库文档\逆变器检修图片\page-068-image-001-I1.png,page-068-image-001-I1.png,.png,157549,2026-07-05T12:12:00+00:00,de85fa57dff94811a5c79edda6fd7d17a24b36eb1436453ae725855795c51c58,FAULT_IMAGE,,False,True,"route through Media/Multimodal Case, not knowledge_documents"
逆变器检修图片/page-070-image-001-I1.png,E:\大学\竞赛\软件杯\知识库文档\逆变器检修图片\page-070-image-001-I1.png,page-070-image-001-I1.png,.png,103156,2026-07-05T12:12:00+00:00,9d025310fac113aa6d82c369fe242cbff05c524ad9fe6ec92ae550eb20f142d6,FAULT_IMAGE,,False,True,"route through Media/Multimodal Case, not knowledge_documents"
逆变器检修图片/page-073-image-001-I1.png,E:\大学\竞赛\软件杯\知识库文档\逆变器检修图片\page-073-image-001-I1.png,page-073-image-001-I1.png,.png,107007,2026-07-05T12:12:00+00:00,5eb5af79e551185c8f6c1c994a01ec11beb20fcf0bc3d492f0bcef61459a16f3,FAULT_IMAGE,,False,True,"route through Media/Multimodal Case, not knowledge_documents"
逆变器检修图片/page-075-image-001-I1.png,E:\大学\竞赛\软件杯\知识库文档\逆变器检修图片\page-075-image-001-I1.png,page-075-image-001-I1.png,.png,13344,2026-07-05T12:12:01+00:00,ced42d498ab9666367d16023e59b6e410571877ca4c32a2d33c3f3d1656302d9,FAULT_IMAGE,,False,True,"route through Media/Multimodal Case, not knowledge_documents"
逆变器检修图片/page-076-image-001-I1.png,E:\大学\竞赛\软件杯\知识库文档\逆变器检修图片\page-076-image-001-I1.png,page-076-image-001-I1.png,.png,2052,2026-07-05T12:12:01+00:00,af3f5b23fdf01010c6dee4f4ad0ee17768cd9101f1e44a578d60a7d165549090,FAULT_IMAGE,,False,True,"route through Media/Multimodal Case, not knowledge_documents"
逆变器检修图片/page-077-image-001-I1.png,E:\大学\竞赛\软件杯\知识库文档\逆变器检修图片\page-077-image-001-I1.png,page-077-image-001-I1.png,.png,2052,2026-07-05T12:12:01+00:00,af3f5b23fdf01010c6dee4f4ad0ee17768cd9101f1e44a578d60a7d165549090,FAULT_IMAGE,逆变器检修图片/page-076-image-001-I1.png,False,True,"route through Media/Multimodal Case, not knowledge_documents; byte-identical duplicate of 逆变器检修图片/page-076-image-001-I1.png"
逆变器检修图片/page-078-image-001-I1.png,E:\大学\竞赛\软件杯\知识库文档\逆变器检修图片\page-078-image-001-I1.png,page-078-image-001-I1.png,.png,2052,2026-07-05T12:12:01+00:00,af3f5b23fdf01010c6dee4f4ad0ee17768cd9101f1e44a578d60a7d165549090,FAULT_IMAGE,逆变器检修图片/page-076-image-001-I1.png,False,True,"route through Media/Multimodal Case, not knowledge_documents; byte-identical duplicate of 逆变器检修图片/page-076-image-001-I1.png"
逆变器检修图片/page-081-image-001-I1.jp2,E:\大学\竞赛\软件杯\知识库文档\逆变器检修图片\page-081-image-001-I1.jp2,page-081-image-001-I1.jp2,.jp2,419390,2026-07-05T12:12:01+00:00,c532ac6cb75f351b24534b1ddf24dee17ece123826ebbebdb8ebd500a3b9a49d,FAULT_IMAGE,,False,True,"route through Media/Multimodal Case, not knowledge_documents"
逆变器检修图片/page-083-image-001-I1.png,E:\大学\竞赛\软件杯\知识库文档\逆变器检修图片\page-083-image-001-I1.png,page-083-image-001-I1.png,.png,86611,2026-07-05T12:12:01+00:00,86f755002eacccd2459468e2d3c0f1c6d0b5fd496fd122fbe0648487d7708e2d,FAULT_IMAGE,,False,True,"route through Media/Multimodal Case, not knowledge_documents"
逆变器检修图片/page-084-image-001-I1.png,E:\大学\竞赛\软件杯\知识库文档\逆变器检修图片\page-084-image-001-I1.png,page-084-image-001-I1.png,.png,57135,2026-07-05T12:12:01+00:00,4311e01799a93fb7d5e8b83ad4cb0a129bbf48529bfd631553fdc4ae73ac535f,FAULT_IMAGE,,False,True,"route through Media/Multimodal Case, not knowledge_documents"
逆变器检修图片/page-084-image-002-I2.png,E:\大学\竞赛\软件杯\知识库文档\逆变器检修图片\page-084-image-002-I2.png,page-084-image-002-I2.png,.png,50309,2026-07-05T12:12:01+00:00,9577dc10da7f077b5bfccce3967fd5cfb340e7cf5776d00992426ff292d8f87d,FAULT_IMAGE,,False,True,"route through Media/Multimodal Case, not knowledge_documents"
逆变器检修图片/page-084-image-003-I3.png,E:\大学\竞赛\软件杯\知识库文档\逆变器检修图片\page-084-image-003-I3.png,page-084-image-003-I3.png,.png,26266,2026-07-05T12:12:01+00:00,44a12547f2ad79d9d0800d80b0eb7620f2154187bbaeb15f4c5d1ec5ea3c443a,FAULT_IMAGE,,False,True,"route through Media/Multimodal Case, not knowledge_documents"
逆变器检修图片/page-084-image-004-I4.png,E:\大学\竞赛\软件杯\知识库文档\逆变器检修图片\page-084-image-004-I4.png,page-084-image-004-I4.png,.png,35062,2026-07-05T12:12:01+00:00,ccc34eb804695fe6c657cf8fb6f5a9b5a5aca5cd3179182bfa6a63845bd1526f,FAULT_IMAGE,,False,True,"route through Media/Multimodal Case, not knowledge_documents"
逆变器检修图片/page-085-image-001-I1.png,E:\大学\竞赛\软件杯\知识库文档\逆变器检修图片\page-085-image-001-I1.png,page-085-image-001-I1.png,.png,35136,2026-07-05T12:12:01+00:00,66b4c39370f10f3476c707695c4a306e6c4d518dc1d896a5b040ac665f66a898,FAULT_IMAGE,,False,True,"route through Media/Multimodal Case, not knowledge_documents"
逆变器检修图片/page-085-image-002-I2.png,E:\大学\竞赛\软件杯\知识库文档\逆变器检修图片\page-085-image-002-I2.png,page-085-image-002-I2.png,.png,34520,2026-07-05T12:12:01+00:00,7c2668217ea55b54b5a818850505e99387d7ece4abe6915ed617176ac249e19b,FAULT_IMAGE,,False,True,"route through Media/Multimodal Case, not knowledge_documents"
逆变器检修图片/page-085-image-003-I3.png,E:\大学\竞赛\软件杯\知识库文档\逆变器检修图片\page-085-image-003-I3.png,page-085-image-003-I3.png,.png,25772,2026-07-05T12:12:01+00:00,7cd861e55488f227d880f7ecbe63252a1303d08fe2e9da9b1cdca102786054be,FAULT_IMAGE,,False,True,"route through Media/Multimodal Case, not knowledge_documents"
逆变器检修图片/page-085-image-004-I4.png,E:\大学\竞赛\软件杯\知识库文档\逆变器检修图片\page-085-image-004-I4.png,page-085-image-004-I4.png,.png,28801,2026-07-05T12:12:01+00:00,c6d15a118584591b9aae71b6ecd4baaf86a633129d0c8d8ca3c56e3709bb094b,FAULT_IMAGE,,False,True,"route through Media/Multimodal Case, not knowledge_documents"
逆变器检修图片/page-085-image-005-I5.png,E:\大学\竞赛\软件杯\知识库文档\逆变器检修图片\page-085-image-005-I5.png,page-085-image-005-I5.png,.png,34904,2026-07-05T12:12:01+00:00,633f0a43e10951c4502a428f09959299ce7d13a90c413c3dc605896f7674c982,FAULT_IMAGE,,False,True,"route through Media/Multimodal Case, not knowledge_documents"
逆变器检修图片/page-086-image-001-I1.png,E:\大学\竞赛\软件杯\知识库文档\逆变器检修图片\page-086-image-001-I1.png,page-086-image-001-I1.png,.png,35166,2026-07-05T12:12:01+00:00,864b4a43574a8d0d88422bfbc7db9032783d1dc4b36a581a9296e9725be12e6d,FAULT_IMAGE,,False,True,"route through Media/Multimodal Case, not knowledge_documents"
逆变器检修图片/page-086-image-002-I2.png,E:\大学\竞赛\软件杯\知识库文档\逆变器检修图片\page-086-image-002-I2.png,page-086-image-002-I2.png,.png,34796,2026-07-05T12:12:01+00:00,416961c00ae31de12c6400a220f5dc31cee93ad8a038a2e16b24c91e35820571,FAULT_IMAGE,,False,True,"route through Media/Multimodal Case, not knowledge_documents"
逆变器检修图片/page-086-image-003-I3.png,E:\大学\竞赛\软件杯\知识库文档\逆变器检修图片\page-086-image-003-I3.png,page-086-image-003-I3.png,.png,49725,2026-07-05T12:12:01+00:00,a1138f5e4dda1762309e3df2f2a3efd4d05393e0a41caa3a7a6cfab58eb10696,FAULT_IMAGE,,False,True,"route through Media/Multimodal Case, not knowledge_documents"
逆变器检修图片/page-086-image-004-I4.png,E:\大学\竞赛\软件杯\知识库文档\逆变器检修图片\page-086-image-004-I4.png,page-086-image-004-I4.png,.png,63895,2026-07-05T12:12:01+00:00,cb2385a1993f1b21ba130750e456b1f7dd5a9093b2a53d04bf5d3be047ea5e7b,FAULT_IMAGE,,False,True,"route through Media/Multimodal Case, not knowledge_documents"
逆变器检修图片/page-087-image-001-I1.png,E:\大学\竞赛\软件杯\知识库文档\逆变器检修图片\page-087-image-001-I1.png,page-087-image-001-I1.png,.png,57554,2026-07-05T12:12:02+00:00,0592d5b6db821e486c1edbc3c246b45231af95289719b1501c4e38afabf1a146,FAULT_IMAGE,,False,True,"route through Media/Multimodal Case, not knowledge_documents"
逆变器检修图片/page-093-image-001-I1.png,E:\大学\竞赛\软件杯\知识库文档\逆变器检修图片\page-093-image-001-I1.png,page-093-image-001-I1.png,.png,36697,2026-07-05T12:12:02+00:00,ac4ecca2cd477fc4d56421797a30aa04924dbdc5eabb46a1387acf07a4d4714f,FAULT_IMAGE,,False,True,"route through Media/Multimodal Case, not knowledge_documents"
逆变器检修图片/page-098-image-001-I1.png,E:\大学\竞赛\软件杯\知识库文档\逆变器检修图片\page-098-image-001-I1.png,page-098-image-001-I1.png,.png,31988,2026-07-05T12:12:02+00:00,1fbee956192816ff71cbcf8cf2176d891a1c20200daea630c3ed1bd250011e2f,FAULT_IMAGE,,False,True,"route through Media/Multimodal Case, not knowledge_documents"
逆变器检修图片/page-099-image-001-I1.png,E:\大学\竞赛\软件杯\知识库文档\逆变器检修图片\page-099-image-001-I1.png,page-099-image-001-I1.png,.png,96987,2026-07-05T12:12:02+00:00,d8fe51d3c8632dc886f132c3c95831b7f6724140e809ba3d4d74743ec8c849e0,FAULT_IMAGE,,False,True,"route through Media/Multimodal Case, not knowledge_documents"
逆变器检修图片/page-099-image-002-I2.png,E:\大学\竞赛\软件杯\知识库文档\逆变器检修图片\page-099-image-002-I2.png,page-099-image-002-I2.png,.png,27677,2026-07-05T12:12:02+00:00,f63e7fde67c8388d5bb0b30d66c6177d10b58674534c7d68df7bda494278f854,FAULT_IMAGE,,False,True,"route through Media/Multimodal Case, not knowledge_documents"
逆变器检修图片/page-100-image-001-I1.png,E:\大学\竞赛\软件杯\知识库文档\逆变器检修图片\page-100-image-001-I1.png,page-100-image-001-I1.png,.png,64572,2026-07-05T12:12:02+00:00,9eb42b2de02c929314c51182269e7d94281e924b41581fc4bf8847fcaa7f8403,FAULT_IMAGE,,False,True,"route through Media/Multimodal Case, not knowledge_documents"
逆变器检修图片/page-100-image-002-I2.png,E:\大学\竞赛\软件杯\知识库文档\逆变器检修图片\page-100-image-002-I2.png,page-100-image-002-I2.png,.png,56643,2026-07-05T12:12:02+00:00,fd3c1560c367905b8ce57080ba46c7eead9167f931a66ea89635f4fa8b58ceab,FAULT_IMAGE,,False,True,"route through Media/Multimodal Case, not knowledge_documents"
逆变器检修图片/page-100-image-003-I3.png,E:\大学\竞赛\软件杯\知识库文档\逆变器检修图片\page-100-image-003-I3.png,page-100-image-003-I3.png,.png,28775,2026-07-05T12:12:02+00:00,282f512ea36b0419478259e8bb6a8a23d4dd183c1dac529e688238e929213b92,FAULT_IMAGE,,False,True,"route through Media/Multimodal Case, not knowledge_documents"
逆变器检修图片/page-102-image-001-I1.png,E:\大学\竞赛\软件杯\知识库文档\逆变器检修图片\page-102-image-001-I1.png,page-102-image-001-I1.png,.png,97872,2026-07-05T12:12:02+00:00,dc10d955c0f4a32ada01c14ae3e11a0639f46689f03136e14185c9d5267643c0,FAULT_IMAGE,,False,True,"route through Media/Multimodal Case, not knowledge_documents"
阳光电源 Sungrow _ SG 系列/.DS_Store,E:\大学\竞赛\软件杯\知识库文档\阳光电源 Sungrow _ SG 系列\.DS_Store,.DS_Store,.DS_Store,6148,2026-06-04T00:21:59.064267+00:00,d65165279105ca6773180500688df4bdc69a2c7b771752f0a46ef120b7fd8ec3,OS_METADATA,,False,True,operating-system metadata; never upload
阳光电源 Sungrow _ SG 系列/SG100CX-P2-CN_110CX-P2-CN_110CX-P2H-CN-UCN-Ver17-202504.pdf,E:\大学\竞赛\软件杯\知识库文档\阳光电源 Sungrow _ SG 系列\SG100CX-P2-CN_110CX-P2-CN_110CX-P2H-CN-UCN-Ver17-202504.pdf,SG100CX-P2-CN_110CX-P2-CN_110CX-P2H-CN-UCN-Ver17-202504.pdf,.pdf,32816999,2026-06-04T00:17:19.821240+00:00,61601d7b028354355ca04646cb7bdf0276fd720de66264ead4c7e72dfec6c98e,SUNGROW_FUTURE_DOCUMENT,,True,True,future scope; must not enter Huawei retrieval
阳光电源 Sungrow _ SG 系列/SG110CX-P2H-CN-QICN-Ver14-202305.pdf,E:\大学\竞赛\软件杯\知识库文档\阳光电源 Sungrow _ SG 系列\SG110CX-P2H-CN-QICN-Ver14-202305.pdf,SG110CX-P2H-CN-QICN-Ver14-202305.pdf,.pdf,19406238,2026-06-04T00:18:07.484940+00:00,e02c8bbe8aa79873dc03b50ab1bcf504e0770841fd0320ccf58fc90a36aa3c1b,SUNGROW_FUTURE_DOCUMENT,,True,True,future scope; must not enter Huawei retrieval
阳光电源 Sungrow _ SG 系列/SG110HX-CN-UCN-Ver11-202211.pdf,E:\大学\竞赛\软件杯\知识库文档\阳光电源 Sungrow _ SG 系列\SG110HX-CN-UCN-Ver11-202211.pdf,SG110HX-CN-UCN-Ver11-202211.pdf,.pdf,21724119,2026-06-04T00:20:08.174484+00:00,43f807fd035177b145e10a251885968177806d056cc121cf74ab07a457492916,SUNGROW_FUTURE_DOCUMENT,,True,True,future scope; must not enter Huawei retrieval
阳光电源 Sungrow _ SG 系列/SG15_17_20KTL-M-UCN-Ver16-202003.pdf,E:\大学\竞赛\软件杯\知识库文档\阳光电源 Sungrow _ SG 系列\SG15_17_20KTL-M-UCN-Ver16-202003.pdf,SG15_17_20KTL-M-UCN-Ver16-202003.pdf,.pdf,10675485,2026-06-04T00:20:19.051935+00:00,7205ea2fb88ac084bfe28bd19a1c8c1d9b66690f429b412efdecd69a6f2c8fc7,SUNGROW_FUTURE_DOCUMENT,,True,True,future scope; must not enter Huawei retrieval
阳光电源 Sungrow _ SG 系列/SG20-33T-P2-CN-QICN-Ver12-202406.pdf,E:\大学\竞赛\软件杯\知识库文档\阳光电源 Sungrow _ SG 系列\SG20-33T-P2-CN-QICN-Ver12-202406.pdf,SG20-33T-P2-CN-QICN-Ver12-202406.pdf,.pdf,23656164,2026-06-04T00:18:40.793027+00:00,54456a0feed0643b2aaab0dcd6376710f0c8b085c393eb0d58bc2b732ab114a8,SUNGROW_FUTURE_DOCUMENT,,True,True,future scope; must not enter Huawei retrieval
阳光电源 Sungrow _ SG 系列/SG20-33T-P2-CN-UCN-Ver12-202406.pdf,E:\大学\竞赛\软件杯\知识库文档\阳光电源 Sungrow _ SG 系列\SG20-33T-P2-CN-UCN-Ver12-202406.pdf,SG20-33T-P2-CN-UCN-Ver12-202406.pdf,.pdf,23580178,2026-06-04T00:18:26.907670+00:00,daca645372da33e201976998ef941bfd37480fd229a067656f7674d478d80964,SUNGROW_FUTURE_DOCUMENT,,True,True,future scope; must not enter Huawei retrieval
阳光电源 Sungrow _ SG 系列/SG30-50CX-P2-CN_SG30-50CX-P2H-CN-QICN-Ver21-202401.pdf,E:\大学\竞赛\软件杯\知识库文档\阳光电源 Sungrow _ SG 系列\SG30-50CX-P2-CN_SG30-50CX-P2H-CN-QICN-Ver21-202401.pdf,SG30-50CX-P2-CN_SG30-50CX-P2H-CN-QICN-Ver21-202401.pdf,.pdf,18774329,2026-06-04T00:20:00.864255+00:00,90553a17c9eb83aba410fe933d1a359028904b7016c3ce963bdb00c86b39811d,SUNGROW_FUTURE_DOCUMENT,,True,True,future scope; must not enter Huawei retrieval
阳光电源 Sungrow _ SG 系列/SG30-50CX-P2-CN_SG30-50CX-P2H-CN-UCN-Ver23-202411.pdf,E:\大学\竞赛\软件杯\知识库文档\阳光电源 Sungrow _ SG 系列\SG30-50CX-P2-CN_SG30-50CX-P2H-CN-UCN-Ver23-202411.pdf,SG30-50CX-P2-CN_SG30-50CX-P2H-CN-UCN-Ver23-202411.pdf,.pdf,28180225,2026-06-04T00:19:38.854022+00:00,d4375da1ac7358b1096207a1f71da9f32868a0d34729f99aa127b30922020e6a,SUNGROW_FUTURE_DOCUMENT,,True,True,future scope; must not enter Huawei retrieval
阳光电源 Sungrow _ SG 系列/SG3_4_5_6_7_8K-UCN-Ver13-202111-中国圆口.pdf,E:\大学\竞赛\软件杯\知识库文档\阳光电源 Sungrow _ SG 系列\SG3_4_5_6_7_8K-UCN-Ver13-202111-中国圆口.pdf,SG3_4_5_6_7_8K-UCN-Ver13-202111-中国圆口.pdf,.pdf,3745339,2026-06-04T00:20:22.752328+00:00,b659af16be89f4e8449b64cadb672fc95a0d9587b64410b1416af7bc8516f82a,SUNGROW_FUTURE_DOCUMENT,,True,True,future scope; must not enter Huawei retrieval
阳光电源 Sungrow _ SG 系列/固件升级指导.pdf,E:\大学\竞赛\软件杯\知识库文档\阳光电源 Sungrow _ SG 系列\固件升级指导.pdf,固件升级指导.pdf,.pdf,13315175,2026-06-04T00:17:50.881979+00:00,71ad25dfe05238f91cc78e9c72bcc9211e8c15096fd24a968406d096c45dfff4,SUNGROW_FUTURE_DOCUMENT,,True,True,future scope; must not enter Huawei retrieval
